{
    "$schema": "https://schema.management.azure.com/schemas/2015-01-01/deploymentParameters.json#",
    "contentVersion": "1.0.0.0",
    "parameters": {
        "subscriptionId": {
            "value": "451a930d-8b7e-415f-8bf3-e2be6e7c2d54"
        },
        "name": {
            "value": "akfunction"
        },
        "location": {
            "value": "East US"
        },
        "hostingPlanName": {
            "value": "ASP-mypractice-a7af"
        },
        "serverFarmResourceGroup": {
            "value": "my_practice"
        },
        "alwaysOn": {
            "value": false
        },
        "storageAccountName": {
            "value": "storageaccountmypra9b32"
        },
        "sku": {
            "value": "Dynamic"
        },
        "skuCode": {
            "value": "Y1"
        },
        "workerSize": {
            "value": "0"
        },
        "workerSizeId": {
            "value": "0"
        },
        "numberOfWorkers": {
            "value": "1"
        },
        "use32BitWorkerProcess": {
            "value": true
        }
    }
}